0.083715,-0.071262,0.21892
0.083436,-0.068909,0.21778
0.08315,-0.061639,0.21521
0.082856,-0.056638,0.21334
0.082555,-0.054208,0.21208
0.082247,-0.050898,0.20955
0.081932,-0.049347,0.20695
0.081612,-0.04631,0.20453
0.081285,-0.044575,0.20196
0.080952,-0.044546,0.19866
0.080614,-0.043235,0.19672
0.080271,-0.041832,0.19352
0.079923,-0.040841,0.19067
0.07957,-0.04043,0.18928
0.079213,-0.038433,0.1872
0.078852,-0.035437,0.18522
0.078486,-0.03231,0.18358
0.078117,-0.031554,0.18195
0.077745,-0.030471,0.18013
0.077369,-0.029753,0.17822
0.07699,-0.029127,0.17694
0.076609,-0.028241,0.17545
0.076224,-0.027557,0.17412
0.075837,-0.02686,0.17253
0.075448,-0.026003,0.17121
0.075056,-0.025284,0.16992
0.074662,-0.023988,0.16847
0.074267,-0.023243,0.16598
0.073869,-0.022343,0.16437
0.07347,-0.021449,0.16318
0.07307,-0.020399,0.16161
0.072667,-0.018864,0.15979
0.072264,-0.018442,0.15851
0.071859,-0.017597,0.15755
0.071453,-0.016112,0.15679
0.071046,-0.015771,0.155
0.070637,-0.014771,0.15377
0.070228,-0.01386,0.15218
0.069818,-0.012925,0.15077
0.069407,-0.012631,0.14925
0.068995,-0.012593,0.14806
0.068583,-0.012435,0.14729
0.06817,-0.012375,0.1463
0.067756,-0.011467,0.1453
0.067342,-0.010911,0.14431
0.066927,-0.010967,0.14332
0.066511,-0.010778,0.14192
0.066095,-0.010507,0.14042
0.065678,-0.010324,0.1394
0.065262,-0.0098283,0.1383
0.064844,-0.0094815,0.13779
0.064426,-0.0094523,0.13676
0.064008,-0.0089824,0.13574
0.06359,-0.0088007,0.13492
0.063171,-0.0091058,0.13385
0.062752,-0.0087418,0.13328
0.062333,-0.0083205,0.13227
0.061913,-0.0080219,0.13112
0.061493,-0.0074875,0.12981
0.061073,-0.0076932,0.12854
0.060652,-0.0078323,0.12788
0.060231,-0.00808,0.12707
0.05981,-0.0086106,0.12588
0.059389,-0.0087998,0.12522
0.058968,-0.0091888,0.12442
0.058546,-0.0092355,0.12382
0.058124,-0.0089015,0.12298
0.057702,-0.0083643,0.12231
0.05728,-0.0084209,0.12156
0.056858,-0.0091212,0.12066
0.056435,-0.0085833,0.11975
0.056012,-0.008394,0.11927
0.055589,-0.0084541,0.11874
0.055166,-0.0085674,0.11837
0.054743,-0.0088703,0.11776
0.054319,-0.0089745,0.11696
0.053895,-0.00877,0.11623
0.053471,-0.0086528,0.11541
0.053047,-0.0086699,0.11473
0.052622,-0.0084865,0.11411
0.052198,-0.0083472,0.11373
0.051773,-0.0083712,0.11326
0.051347,-0.008486,0.11337
0.050922,-0.0087066,0.11231
0.050496,-0.0087366,0.11239
0.05007,-0.0090428,0.1121
0.049644,-0.0095633,0.11196
0.049217,-0.010101,0.11157
0.04879,-0.010583,0.11134
0.048363,-0.011432,0.11065
0.047935,-0.012254,0.11024
0.047507,-0.012954,0.10999
0.047079,-0.01337,0.10926
0.04665,-0.013543,0.10925
0.04622,-0.013617,0.10898
0.04579,-0.013918,0.1088
0.04536,-0.014849,0.10847
0.044929,-0.015654,0.10845
0.044497,-0.016512,0.1085
0.044065,-0.016966,0.10873
0.043632,-0.017597,0.10903
0.043198,-0.018526,0.10914
0.042764,-0.01931,0.10866
0.042328,-0.020154,0.10838
0.041892,-0.021248,0.10876
0.041455,-0.022166,0.10899
0.041016,-0.023283,0.10855
0.040577,-0.024259,0.1083
0.040136,-0.025375,0.10829
0.039694,-0.026241,0.10828
0.03925,-0.027463,0.10841
0.038805,-0.028266,0.10864
0.038359,-0.029335,0.10876
0.03791,-0.03069,0.10917
0.03746,-0.031766,0.10903
0.037008,-0.033179,0.10919
0.036554,-0.034203,0.10926
0.036097,-0.035771,0.10907
0.035638,-0.036993,0.10959
0.035177,-0.03769,0.10991
0.034712,-0.038286,0.11026
0.034245,-0.039274,0.11077
0.033774,-0.040399,0.11135
0.0333,-0.04133,0.11156
0.032822,-0.042837,0.11169
0.03234,-0.044218,0.1123
0.031853,-0.045409,0.1125
0.031363,-0.046515,0.11293
0.030867,-0.047426,0.11283
0.030366,-0.048598,0.11303
0.02986,-0.049771,0.11384
0.029347,-0.050918,0.11429
0.028828,-0.052302,0.11414
0.028303,-0.053795,0.1142
0.02777,-0.054959,0.1151
0.027229,-0.056002,0.11546
0.02668,-0.057571,0.11601
0.026122,-0.058743,0.11613
0.025556,-0.059757,0.11695
0.024979,-0.061128,0.11667
0.024391,-0.062746,0.11712
0.023793,-0.064071,0.11765
0.023183,-0.065366,0.11815
0.02256,-0.066391,0.11819
0.021924,-0.068074,0.11805
0.021275,-0.069757,0.11801
0.020611,-0.071389,0.11846
0.019931,-0.073125,0.11839
0.019236,-0.074635,0.11899
0.018523,-0.075697,0.11958
0.017793,-0.076742,0.1193
0.017045,-0.07869,0.11873
0.016278,-0.08038,0.11871
0.01549,-0.081547,0.11846
0.014682,-0.082791,0.11809
0.013853,-0.084043,0.11802
0.013002,-0.085872,0.117
0.012128,-0.087069,0.11648
0.011231,-0.088541,0.11635
0.010311,-0.090765,0.1161
0.0093668,-0.092231,0.11506
0.0083983,-0.094075,0.11476
0.0074052,-0.095802,0.11397
0.0063876,-0.096625,0.11294
0.0053453,-0.098768,0.11231
0.0042786,-0.10083,0.11344
0.0031877,-0.102,0.11275
0.002073,-0.10313,0.11162
0.00093507,-0.10398,0.11033
-0.00022536,-0.10499,0.10883
-0.0014074,-0.10652,0.10832
-0.0026101,-0.10798,0.10791
-0.0038322,-0.10902,0.10874
-0.0050724,-0.11124,0.10925
-0.0063292,-0.112,0.10869
-0.0076009,-0.11263,0.10828
-0.0088857,-0.11427,0.10649
-0.010182,-0.11586,0.10658
-0.011487,-0.11821,0.10743
-0.012799,-0.12067,0.10529
-0.014115,-0.12227,0.10436
-0.015434,-0.12304,0.10486
-0.016753,-0.12365,0.10284
-0.018068,-0.12456,0.10137
-0.019378,-0.1256,0.10043
-0.02068,-0.12663,0.09899
-0.02197,-0.12899,0.096856
-0.023247,-0.12982,0.094912
-0.024507,-0.13065,0.092492
-0.025747,-0.1312,0.091494
-0.026966,-0.13195,0.091585
-0.028159,-0.13349,0.088994
-0.029324,-0.1356,0.088493
-0.030459,-0.13562,0.086525
-0.03156,-0.13688,0.084863
-0.032626,-0.13854,0.082598
-0.033654,-0.13931,0.0819
-0.03464,-0.13948,0.081492
-0.035585,-0.13994,0.078194
-0.036484,-0.14019,0.077506
-0.037336,-0.14161,0.076295
-0.038139,-0.14405,0.074531
-0.038892,-0.14364,0.072701
-0.039593,-0.14343,0.072381
-0.040241,-0.14398,0.069771
-0.040835,-0.1446,0.069701
-0.041374,-0.14537,0.068475
-0.041857,-0.14474,0.0685
-0.042284,-0.1447,0.066865
-0.042655,-0.14599,0.067446
-0.042969,-0.14532,0.066601
-0.043227,-0.14569,0.066959
-0.04343,-0.14547,0.064513
-0.043577,-0.14535,0.062762
-0.043669,-0.14403,0.061766
-0.043708,-0.14246,0.059922
-0.043694,-0.1432,0.060231
-0.043629,-0.14204,0.059674
-0.043514,-0.14111,0.059792
-0.043351,-0.14046,0.059721
-0.043141,-0.13934,0.058883
-0.042886,-0.1381,0.058882
-0.042587,-0.13769,0.059378
-0.042247,-0.13731,0.058247
-0.041868,-0.13684,0.05809
-0.041451,-0.13554,0.057247
-0.040998,-0.13399,0.056203
-0.040512,-0.13295,0.056531
-0.039993,-0.13315,0.057365
-0.039446,-0.13232,0.056225
-0.03887,-0.13162,0.055295
-0.038268,-0.13058,0.055533
-0.037642,-0.12968,0.053907
-0.036993,-0.12825,0.053634
-0.036324,-0.12633,0.053707
-0.035635,-0.12495,0.053812
-0.034929,-0.12399,0.054102
-0.034206,-0.1229,0.054216
-0.033469,-0.12213,0.055068
-0.032718,-0.12153,0.055318
-0.031954,-0.12005,0.055033
-0.031179,-0.1189,0.055423
-0.030394,-0.11712,0.055631
-0.029599,-0.11563,0.05487
-0.028796,-0.11374,0.055359
-0.027985,-0.1122,0.055947
-0.027168,-0.11082,0.056603
-0.026344,-0.10884,0.057038
-0.025515,-0.10726,0.057054
-0.024681,-0.10581,0.056847
-0.023842,-0.10512,0.05773
-0.023,-0.104,0.058044
-0.022154,-0.10217,0.058269
-0.021305,-0.10005,0.058416
-0.020453,-0.09871,0.058717
-0.019598,-0.097184,0.058694
-0.018742,-0.095534,0.058644
-0.017883,-0.094045,0.058993
-0.017023,-0.092923,0.059247
-0.016162,-0.091385,0.059142
-0.015299,-0.089938,0.059769
-0.014435,-0.088544,0.060074
-0.013571,-0.086961,0.060716
-0.012705,-0.085642,0.061427
-0.011839,-0.084209,0.061801
-0.010971,-0.082811,0.061588
-0.010104,-0.081618,0.061777
-0.0092359,-0.079773,0.062284
-0.0083675,-0.078292,0.062757
-0.0074987,-0.076809,0.062563
-0.0066296,-0.07531,0.062729
-0.0057603,-0.073926,0.062818
-0.0048907,-0.072592,0.06381
-0.004021,-0.071,0.064275
-0.003151,-0.069638,0.064829
-0.0022809,-0.06826,0.065031
-0.0014107,-0.067293,0.06572
-0.00054027,-0.06649,0.066214
0.00033025,-0.065087,0.067054
0.0012009,-0.063571,0.067363
0.0020717,-0.06231,0.067586
0.0029425,-0.060944,0.068743
0.0038136,-0.059325,0.069528
0.0046847,-0.058252,0.07005
0.005556,-0.057345,0.070385
0.0064274,-0.056296,0.070784
0.007299,-0.054457,0.070958
0.0081707,-0.053162,0.071745
0.0090426,-0.052213,0.072523
0.0099147,-0.051382,0.073302
0.010787,-0.050777,0.073932
0.01166,-0.050032,0.074303
0.012532,-0.048763,0.075536
0.013405,-0.047961,0.076533
0.014278,-0.046918,0.07753
0.015152,-0.045917,0.078125
0.016025,-0.044649,0.078688
0.016899,-0.043517,0.07924
0.017774,-0.043121,0.080197
0.018648,-0.042182,0.081064
0.019523,-0.041016,0.081858
0.020398,-0.039964,0.082893
0.021274,-0.038912,0.083884
0.02215,-0.037872,0.085034
0.023026,-0.037306,0.08628
0.023903,-0.037036,0.087671
0.02478,-0.036235,0.088223
0.025657,-0.035624,0.089524
0.026535,-0.03485,0.091104
0.027413,-0.033825,0.092444
0.028292,-0.033162,0.09346
0.029171,-0.032329,0.094869
0.03005,-0.031835,0.096009
0.03093,-0.03157,0.097468
0.03181,-0.030694,0.098776
0.032691,-0.029965,0.099778
0.033572,-0.029606,0.1005
0.034453,-0.028611,0.10132
0.035334,-0.028651,0.10259
0.036216,-0.028154,0.10434
0.037098,-0.027262,0.10617
0.037981,-0.026733,0.10765
0.038864,-0.025967,0.10889
0.039746,-0.025504,0.11049
0.040629,-0.025084,0.1116
0.041512,-0.024759,0.11265
0.042395,-0.024559,0.11406
0.043278,-0.024107,0.1155
0.044161,-0.023611,0.11705
0.045044,-0.023284,0.11882
0.045926,-0.02289,0.12056
0.046807,-0.022596,0.12267
0.047688,-0.022555,0.1253
0.048568,-0.022382,0.1274
0.049448,-0.022195,0.12994
0.050326,-0.022061,0.13206
0.051202,-0.021728,0.13476
0.052077,-0.021528,0.13683
0.05295,-0.021247,0.13915
0.053821,-0.021265,0.14148
0.05469,-0.021117,0.1438
0.055555,-0.020952,0.1454
0.056417,-0.020686,0.14762
0.057276,-0.020586,0.14939
0.058131,-0.020968,0.15177
0.05898,-0.021346,0.15371
0.059825,-0.021144,0.15663
0.060664,-0.020956,0.15922
0.061496,-0.021023,0.16142
0.062321,-0.021044,0.16385
0.063138,-0.021246,0.16594
0.063946,-0.022116,0.1683
0.064745,-0.022818,0.17071
0.065532,-0.023568,0.17314
0.066308,-0.023689,0.17562
0.067071,-0.024351,0.17864
0.067819,-0.024739,0.18247
0.068552,-0.025453,0.18529
0.069268,-0.027021,0.18968
0.069966,-0.028021,0.19216
0.070644,-0.028913,0.19835
0.0713,-0.030435,0.20346
0.071933,-0.031494,0.20728
0.07254,-0.03249,0.21151
0.073121,-0.03365,0.21499
0.073673,-0.03565,0.21993
0.074194,-0.037506,0.22491
0.074683,-0.039214,0.23033
0.075137,-0.040312,0.23443
0.075555,-0.042975,0.23794
0.075935,-0.044342,0.24682
0.076275,-0.046928,0.25289
0.076573,-0.048959,0.25893
0.07683,-0.050588,0.26632
0.077044,-0.052477,0.27151
0.077215,-0.055682,0.27743
0.077342,-0.057731,0.28478
0.077428,-0.06202,0.29167
0.077474,-0.064986,0.29647
0.077483,-0.06931,0.30591
0.077459,-0.073457,0.31108
0.077407,-0.077968,0.31738
0.077336,-0.08293,0.32148
0.077254,-0.088948,0.32952
0.077172,-0.093145,0.33693
0.077105,-0.098437,0.34872
0.077069,-0.10237,0.36025
0.077085,-0.10758,0.36365
0.077175,-0.11554,0.37348
0.077368,-0.12137,0.38828
0.077693,-0.1299,0.40026
0.078186,-0.13225,0.41673
0.078886,-0.13736,0.43039
0.079837,-0.1434,0.43352
0.081087,-0.14767,0.44742
0.082686,-0.15083,0.45859
0.084691,-0.15244,0.47032
0.087158,-0.15922,0.48335
0.090147,-0.16099,0.49943
0.093719,-0.16584,0.51213
0.097934,-0.1633,0.52448
0.10285,-0.15876,0.53393
0.10853,-0.15607,0.54565
0.11502,-0.15816,0.56059
0.12237,-0.16226,0.5713
0.13061,-0.15753,0.58513
0.13979,-0.15049,0.59292
0.14991,-0.14202,0.6088
0.161,-0.13216,0.62019
0.17306,-0.12084,0.63065
0.18607,-0.10801,0.648
0.20002,-0.09535,0.66709
0.21489,-0.084285,0.6796
0.23062,-0.069998,0.68572
0.24718,-0.049533,0.6969
0.26451,-0.031636,0.71242
0.28256,-0.016837,0.7185
0.30126,0.0030753,0.72806
0.32056,0.028522,0.74365
0.34038,0.050694,0.75696
0.36066,0.079511,0.76545
0.38133,0.10891,0.77028
0.40235,0.13166,0.78311
0.42365,0.15271,0.80121
0.44517,0.17704,0.81508
0.46687,0.20549,0.82699
0.4887,0.23468,0.84348
0.51063,0.26358,0.85978
0.53261,0.29284,0.88004
0.55463,0.31988,0.89683
0.57664,0.34916,0.90256
0.59864,0.3759,0.91152
0.6206,0.40667,0.91994
0.6425,0.43698,0.93199
0.66434,0.46461,0.94397
0.6861,0.49469,0.95914
0.70778,0.52373,0.97509
0.72938,0.55025,0.98893
0.75089,0.57851,1.0016
0.77231,0.60743,1.0112
0.79364,0.63529,1.0293
0.81489,0.66167,1.043
0.83604,0.68761,1.0613
0.85712,0.71336,1.0772
0.87811,0.73886,1.0981
0.89902,0.7643,1.111
0.91986,0.78948,1.1253
0.94063,0.81368,1.1418
0.96133,0.83809,1.1556
0.98197,0.86173,1.1691
1.0026,0.88696,1.1825
1.0231,0.91202,1.198
1.0436,0.93636,1.2124
1.064,0.9603,1.227
1.0844,0.98412,1.2406
1.1047,1.0064,1.2568
1.125,1.028,1.2726
1.1453,1.0491,1.2876
1.1655,1.0724,1.3027
1.1857,1.0953,1.3186
1.2059,1.1185,1.3376
1.226,1.1414,1.3538
1.2462,1.1634,1.3692
1.2663,1.1855,1.3846
1.2864,1.2079,1.403
1.3065,1.2289,1.4218
1.3265,1.2505,1.4355
1.3466,1.2723,1.4539
1.3666,1.2932,1.4716
1.3866,1.3153,1.4892
1.4066,1.3368,1.5076
1.4266,1.3589,1.5271
1.4466,1.3796,1.5441
1.4666,1.4007,1.5623
1.4865,1.4231,1.5815
1.5065,1.4451,1.5991
1.5265,1.4658,1.6167
1.5464,1.4862,1.6346
1.5664,1.5066,1.6532
1.5863,1.5275,1.6714
1.6063,1.5485,1.6892
1.6262,1.5689,1.7078
1.6462,1.5908,1.7259
1.6661,1.6113,1.7447
1.686,1.6322,1.7641
1.706,1.6531,1.7825
1.7259,1.6744,1.8002
1.7458,1.6951,1.8189
1.7658,1.7159,1.8379
1.7857,1.736,1.8573
1.8056,1.757,1.8768
1.8255,1.7773,1.8962
1.8455,1.7984,1.9153
1.8654,1.8195,1.9342
1.8853,1.84,1.9531
1.9052,1.8609,1.9712
1.9252,1.8809,1.9903
1.9451,1.9011,2.009
1.965,1.9211,2.0267
1.9849,1.9411,2.0463
2.0049,1.9611,2.065
2.0248,1.9817,2.084
2.0447,2.0016,2.1028
2.0646,2.0214,2.1216
2.0846,2.042,2.1404
2.1045,2.0619,2.159
2.1244,2.083,2.1786
2.1444,2.1025,2.1978
2.1643,2.122,2.2172
2.1842,2.1418,2.2369
2.2041,2.1629,2.2559
2.2241,2.1832,2.2739
2.244,2.2039,2.2943
2.2639,2.2236,2.3142
2.2839,2.2439,2.3334
2.3038,2.2641,2.3522
2.3237,2.2847,2.3707
2.3437,2.306,2.39
2.3636,2.3258,2.4099
2.3835,2.3462,2.4298
2.4034,2.3663,2.4492
2.4234,2.3864,2.4685
2.4433,2.4069,2.4888
2.4632,2.4267,2.5082
2.4832,2.4471,2.5274
2.5031,2.467,2.5469
2.523,2.487,2.5666
2.543,2.5065,2.5866
2.5629,2.5265,2.6068
2.5829,2.546,2.6262
2.6028,2.5653,2.646
2.6227,2.5857,2.6655
2.6427,2.6057,2.6857
2.6626,2.6262,2.7049
2.6825,2.646,2.7241
2.7025,2.6661,2.7436
2.7224,2.6858,2.7634
2.7423,2.7058,2.7829
2.7623,2.7257,2.8025
2.7822,2.7454,2.8224
2.8022,2.765,2.8425
2.8221,2.7846,2.8624
2.842,2.8041,2.8828
2.862,2.8236,2.9023
2.8819,2.8443,2.9218
2.9019,2.8647,2.9417
2.9218,2.8843,2.9602
2.9417,2.9034,2.9801
2.9617,2.9234,2.9997
2.9816,2.9434,3.0195
3.0015,2.9627,3.04
3.0215,2.9824,3.0597
3.0414,3.0022,3.0791
3.0614,3.0222,3.0985
3.0813,3.0421,3.1176
3.1012,3.0615,3.1373
3.1212,3.0808,3.157
3.1411,3.1009,3.1772
3.1611,3.1206,3.1978
3.181,3.1393,3.2176
3.201,3.1591,3.2382
3.2209,3.1789,3.2579
3.2408,3.1975,3.2785
3.2608,3.2174,3.2983
3.2807,3.2373,3.3189
3.3007,3.2558,3.3389
3.3206,3.275,3.3587
3.3405,3.2939,3.3787
3.3605,3.3137,3.3986
3.3804,3.3335,3.4193
3.4004,3.3532,3.4398
3.4203,3.3725,3.4598
3.4402,3.3918,3.4804
3.4602,3.4117,3.4989
3.4801,3.4303,3.5186
3.5001,3.45,3.5393
3.52,3.469,3.5608
3.54,3.4876,3.581
3.5599,3.5072,3.6008
3.5798,3.5259,3.6208
3.5998,3.5449,3.6415
3.6197,3.5644,3.6621
3.6397,3.5836,3.6824
3.6596,3.6032,3.7042
3.6796,3.6229,3.7244
3.6995,3.6416,3.7447
3.7194,3.6611,3.7652
3.7394,3.6806,3.7858
3.7593,3.7003,3.8066
3.7793,3.7195,3.8274
3.7992,3.7389,3.8481
3.8192,3.759,3.8691
3.8391,3.7783,3.8902
3.8591,3.7976,3.9107
3.879,3.817,3.9315
3.899,3.8372,3.9521
3.9189,3.856,3.9725
3.9389,3.8744,3.9933
3.9588,3.8924,4.0142
3.9788,3.9108,4.0353
3.9988,3.9294,4.0556
4.0187,3.9485,4.076
4.0387,3.9677,4.0965
4.0587,3.9866,4.1182
4.0786,4.0043,4.1384
4.0986,4.0218,4.159
4.1186,4.0394,4.1793
4.1386,4.0576,4.2
4.1586,4.0755,4.2213
4.1786,4.0935,4.2426
4.1986,4.1108,4.2639
4.2186,4.1288,4.2847
4.2386,4.1474,4.3053
4.2586,4.1638,4.3272
4.2786,4.1813,4.3486
4.2987,4.1981,4.3707
4.3187,4.2155,4.3914
4.3388,4.2324,4.4119
4.3589,4.2505,4.4326
4.379,4.2699,4.4571
4.3991,4.2886,4.4786
4.4192,4.3064,4.5025
4.4394,4.3233,4.5241
4.4595,4.3406,4.5454
4.4797,4.3572,4.5688
4.4999,4.3737,4.5918
4.5202,4.3902,4.616
4.5405,4.4066,4.6374
4.5608,4.4239,4.6613
4.5811,4.4391,4.6851
4.6015,4.4556,4.709
4.6219,4.4712,4.7336
4.6424,4.491,4.7583
4.663,4.5101,4.7798
4.6835,4.5298,4.8031
4.7042,4.5471,4.8277
4.7249,4.5629,4.852
4.7457,4.5749,4.8773
4.7665,4.5885,4.9036
4.7875,4.6061,4.9281
4.8085,4.6229,4.9558
4.8297,4.6373,4.9833
4.8509,4.6538,5.0114
4.8723,4.6696,5.0393
4.8937,4.683,5.0672
4.9153,4.694,5.0952
4.9371,4.7093,5.1225
4.959,4.7201,5.1533
4.981,4.7338,5.1865
5.0032,4.7449,5.2156
5.0256,4.757,5.2486
5.0482,4.7691,5.284
5.071,4.7812,5.314
5.0939,4.796,5.3428
5.1171,4.8094,5.3742
5.1405,4.8183,5.4051
5.1641,4.8274,5.4416
5.1879,4.8446,5.4762
5.2119,4.8499,5.5056
5.2362,4.8622,5.5383
5.2607,4.8803,5.576
5.2854,4.8969,5.6147
5.3102,4.91,5.6473
5.3353,4.9182,5.6898
5.3605,4.9347,5.7261
5.3859,4.9404,5.7526
5.4114,4.95,5.7819
5.4369,4.9634,5.815
5.4625,4.9721,5.8524
5.488,4.9755,5.8915
5.5135,4.9915,5.9318
5.5389,5.0019,5.9625
5.564,5.0137,5.9982
5.5889,5.0247,6.0444
5.6135,5.0276,6.077
5.6377,5.0355,6.1076
5.6614,5.0418,6.1381
5.6845,5.0616,6.1669
5.707,5.0685,6.194
5.7288,5.0839,6.2306
5.7499,5.0945,6.2496
5.7701,5.113,6.2749
5.7894,5.1324,6.3039
5.8079,5.1443,6.3219
5.8253,5.1541,6.3477
5.8418,5.1625,6.3668
5.8572,5.1784,6.3896
5.8716,5.1883,6.4054
5.885,5.2019,6.4184
5.8974,5.212,6.4242
5.9088,5.2409,6.4251
5.9191,5.2525,6.4292
5.9286,5.2747,6.4409
5.9371,5.2843,6.4417
5.9448,5.3013,6.4348
5.9516,5.3092,6.4332
5.9577,5.3309,6.4346
5.963,5.349,6.439
5.9677,5.3643,6.4324
5.9718,5.373,6.4256
5.9753,5.3928,6.4182
5.9783,5.4016,6.4075
5.9808,5.4187,6.3977
5.983,5.4326,6.3863
5.9847,5.4494,6.3833
5.9861,5.4644,6.3704
5.9873,5.4742,6.3639
5.9881,5.4808,6.3554
5.9888,5.4925,6.3464
5.9893,5.5075,6.3339
5.9896,5.5232,6.3271
5.9897,5.5396,6.3209
5.9898,5.5571,6.3124
5.9897,5.5668,6.3011
5.9896,5.5777,6.2917
5.9894,5.5909,6.2852
5.9891,5.6076,6.2787
5.9888,5.609,6.2713
5.9885,5.6191,6.2661
5.9882,5.6287,6.2547
5.9878,5.6345,6.2501
5.9874,5.6378,6.2479
5.987,5.6436,6.2411
5.9866,5.6511,6.232
5.9862,5.6592,6.2248
5.9858,5.6668,6.2166
5.9854,5.6742,6.2132
5.985,5.6812,6.2098
5.9847,5.6852,6.2054
5.9843,5.69,6.2003
5.9839,5.6938,6.1967
5.9836,5.7005,6.191
5.9832,5.7014,6.1851
5.9829,5.7049,6.1823
5.9825,5.7157,6.1769
5.9822,5.7252,6.1713
5.9819,5.7281,6.1663
5.9816,5.7318,6.1585
5.9813,5.7433,6.1528
5.981,5.7448,6.151
5.9807,5.7513,6.1474
5.9804,5.7577,6.144
5.9801,5.761,6.1403
5.9799,5.7636,6.136
5.9796,5.7663,6.1317
5.9793,5.7675,6.1276
5.9791,5.7732,6.1251
5.9788,5.7762,6.1228
5.9786,5.7773,6.1214
5.9783,5.7765,6.1186
5.978,5.7786,6.1149
5.9778,5.7796,6.1125
5.9775,5.7811,6.1107
5.9773,5.7856,6.1099
5.9771,5.7868,6.1084
5.9768,5.791,6.1051
5.9766,5.795,6.1018
5.9763,5.7955,6.1008
5.9761,5.7976,6.0978
5.9759,5.797,6.095
5.9756,5.8016,6.0931
5.9754,5.8022,6.0915
5.9751,5.8024,6.09
5.9749,5.8011,6.0881
5.9747,5.8008,6.0869
5.9744,5.8057,6.0854
5.9742,5.8093,6.0839
5.974,5.8098,6.0824
5.9737,5.8123,6.0812
5.9735,5.8128,6.0823
5.9733,5.8163,6.081
5.973,5.8206,6.0806
5.9728,5.8216,6.0805
5.9726,5.8183,6.0794
5.9723,5.8219,6.0794
5.9721,5.825,6.0782
5.9719,5.8241,6.0782
5.9716,5.8291,6.0776
5.9714,5.8301,6.0755
5.9712,5.8318,6.0733
5.971,5.834,6.0731
5.9707,5.8348,6.0717
5.9705,5.8359,6.0705
5.9703,5.8396,6.0702
5.9701,5.842,6.0705
5.9698,5.8428,6.0694
5.9696,5.8456,6.0681
5.9694,5.8464,6.068
5.9692,5.8477,6.0683
5.969,5.8505,6.0665
5.9688,5.8517,6.0654
5.9685,5.856,6.0648
5.9683,5.8557,6.0628
5.9681,5.8557,6.0631
5.9679,5.8562,6.0632
5.9677,5.8585,6.063
5.9675,5.8606,6.0623
5.9673,5.863,6.0626
5.9672,5.8645,6.0608
5.967,5.8643,6.0618
5.9668,5.8644,6.0616
5.9666,5.8653,6.0619
5.9665,5.8649,6.0617
5.9663,5.8662,6.0625
5.9661,5.8664,6.0641
5.966,5.8675,6.0641
5.9658,5.8677,6.0646
5.9657,5.8695,6.0657
5.9656,5.8692,6.0666
5.9654,5.8704,6.0673
5.9653,5.8698,6.0683
5.9652,5.8703,6.0699
5.9651,5.8691,6.0707
5.965,5.8683,6.0707
5.965,5.8666,6.0717
5.9649,5.8657,6.0739
5.9648,5.8657,6.0778
5.9648,5.8661,6.0778
5.9647,5.8653,6.08
5.9647,5.8661,6.0799
5.9647,5.8643,6.0805
5.9647,5.8615,6.0823
5.9647,5.8617,6.0829
5.9647,5.8609,6.0845
5.9648,5.8615,6.0884
5.9648,5.8608,6.0892
5.9649,5.8602,6.092
5.965,5.8593,6.095
5.9651,5.8585,6.0965
5.9652,5.8572,6.0979
5.9653,5.8553,6.0994
5.9655,5.8521,6.1009
5.9656,5.8526,6.1023
5.9658,5.851,6.1014
5.966,5.8504,6.1021
5.9663,5.8488,6.1029
5.9665,5.8475,6.1046
5.9668,5.848,6.1063
5.9671,5.8466,6.108
5.9674,5.8448,6.1094
5.9677,5.8449,6.1159
5.9681,5.8437,6.1162
5.9685,5.8439,6.1197
5.9689,5.8436,6.1211
5.9693,5.8436,6.1243
5.9698,5.8437,6.1263
5.9703,5.8433,6.1299
5.9708,5.8428,6.1329
5.9714,5.8411,6.1343
5.9719,5.8399,6.1349
5.9725,5.8371,6.1379
5.9732,5.8383,6.1409
5.9738,5.8366,6.1427
5.9745,5.8365,6.1441
5.9752,5.837,6.1461
5.976,5.8349,6.148
5.9768,5.8331,6.1506
5.9776,5.8302,6.1545
5.9784,5.8296,6.1582
5.9793,5.8282,6.1595
5.9802,5.8254,6.1661
5.9811,5.8237,6.1716
5.9821,5.822,6.1705
5.983,5.8198,6.1714
5.984,5.8172,6.1743
5.9851,5.8165,6.1751
5.9861,5.8147,6.1809
5.9872,5.8124,6.1824
5.9883,5.8106,6.1862
5.9894,5.8118,6.1902
5.9905,5.8075,6.1949
5.9916,5.8077,6.1957
5.9928,5.805,6.1994
5.9939,5.8019,6.2018
5.9951,5.8004,6.2051
5.9962,5.7967,6.2095
5.9974,5.7957,6.2165
5.9985,5.7933,6.2183
5.9997,5.7928,6.2216
6.0008,5.7924,6.2266
6.0019,5.7922,6.2294
6.003,5.7923,6.2341
6.0041,5.7903,6.2374
6.0051,5.7874,6.2422
6.0061,5.7873,6.2416
6.0071,5.7848,6.2419
6.008,5.7844,6.2439
6.0089,5.7828,6.2471
6.0098,5.7848,6.2483
6.0105,5.7867,6.2516
6.0113,5.7888,6.2575
6.012,5.7911,6.2605
6.0126,5.793,6.2629
6.0131,5.7946,6.2652
6.0136,5.7963,6.2669
6.014,5.7957,6.2661
6.0143,5.7953,6.267
6.0146,5.7939,6.2669
6.0147,5.7942,6.2656
6.0148,5.7931,6.2687
6.0148,5.7909,6.2688
6.0148,5.7884,6.2655
6.0146,5.7873,6.2646
6.0144,5.7865,6.2631
6.014,5.7857,6.266
6.0136,5.7836,6.2587
6.0131,5.7836,6.257
6.0125,5.7857,6.2583
6.0119,5.7849,6.2575
6.0111,5.7858,6.2577
6.0103,5.7835,6.2539
6.0093,5.7819,6.2552
6.0083,5.7812,6.2563
6.0073,5.7794,6.251
6.0061,5.7793,6.2517
6.0049,5.7771,6.2508
6.0036,5.777,6.2497
6.0022,5.7758,6.2445
6.0007,5.7738,6.2419
5.9992,5.7736,6.2389
5.9977,5.7736,6.2373
5.996,5.7718,6.2352
5.9943,5.7687,6.2318
5.9926,5.7669,6.2291
5.9908,5.7648,6.2259
5.9889,5.7635,6.2263
5.987,5.7663,6.2232
5.9851,5.7648,6.2233
5.9831,5.7646,6.2186
5.9811,5.7647,6.2175
5.979,5.7642,6.211
5.9769,5.7628,6.2084
5.9748,5.7619,6.2034
5.9726,5.7602,6.2008
5.9704,5.7576,6.1984
5.9682,5.7531,6.1951
5.966,5.7494,6.1896
5.9637,5.7494,6.1892
5.9614,5.7471,6.1897
5.9591,5.7462,6.1893
5.9568,5.7433,6.187
5.9545,5.7425,6.1866
5.9521,5.7426,6.1862
5.9498,5.7375,6.1846
5.9474,5.7349,6.1837
5.9451,5.7321,6.1813
5.9427,5.731,6.1814
5.9403,5.7281,6.1798
5.938,5.7236,6.1767
5.9356,5.7175,6.1778
5.9333,5.7134,6.1757
5.9309,5.7103,6.1757
5.9286,5.7088,6.1757
5.9262,5.7034,6.1747
5.9239,5.7022,6.1687
5.9216,5.7018,6.1691
5.9194,5.6999,6.1684
5.9171,5.6985,6.1667
5.9149,5.6978,6.1653
5.9126,5.6898,6.1635
5.9105,5.6865,6.1638
5.9083,5.6844,6.1622
5.9062,5.6825,6.1615
5.9041,5.6779,6.1622
5.9021,5.6713,6.1594
5.9001,5.6643,6.1591
5.8981,5.6619,6.16
5.8962,5.6595,6.1574
5.8944,5.6515,6.1562
5.8926,5.6502,6.1558
5.8909,5.6448,6.1593
5.8892,5.6395,6.1622
5.8876,5.6334,6.1616
5.8861,5.6274,6.165
5.8847,5.623,6.1644
5.8834,5.6182,6.1623
5.8821,5.6146,6.1638
5.881,5.6072,6.1687
5.8799,5.6026,6.1733
5.879,5.5989,6.1743
5.8781,5.5935,6.1806
5.8774,5.5857,6.182
5.8768,5.5808,6.1803
5.8763,5.5713,6.1873
5.876,5.569,6.1924
5.8758,5.566,6.1946
5.8757,5.5578,6.2003
5.8757,5.5533,6.2014
5.8759,5.5538,6.2027
5.8763,5.5492,6.2075
5.8768,5.5471,6.2169
5.8774,5.544,6.224
5.8782,5.5407,6.2282
5.8792,5.5372,6.233
5.8803,5.5322,6.238
5.8815,5.5273,6.2446
5.8829,5.524,6.249
5.8845,5.5191,6.253
5.8862,5.5143,6.2609
5.888,5.5116,6.2707
5.8899,5.5074,6.2853
5.892,5.5023,6.292
5.8942,5.4971,6.3083
5.8966,5.4925,6.3124
5.899,5.4895,6.3212
5.9016,5.4865,6.3271
5.9042,5.4822,6.3292
5.9069,5.4806,6.338
5.9097,5.4805,6.3464
5.9126,5.4789,6.3534
5.9155,5.4776,6.3631
5.9185,5.4776,6.3759
5.9215,5.4749,6.3808
5.9246,5.4742,6.3892
5.9276,5.4714,6.3971
5.9307,5.4671,6.4065
5.9338,5.4661,6.4132
5.9368,5.4645,6.4193
5.9399,5.4607,6.4258
5.9429,5.4561,6.4316
5.9459,5.4523,6.4373
5.9488,5.4521,6.4414
5.9517,5.4507,6.4433
5.9545,5.4501,6.4527
5.9573,5.4514,6.4568
5.96,5.4477,6.4627
5.9626,5.4492,6.4673
5.9651,5.4504,6.4768
5.9676,5.4494,6.4838
5.97,5.4497,6.4861
5.9722,5.4532,6.4837
5.9744,5.454,6.4904
5.9765,5.4539,6.4915
5.9785,5.4548,6.4919
5.9804,5.4556,6.4952
5.9822,5.4596,6.4955
5.984,5.4612,6.4994
5.9856,5.4627,6.5006
5.9871,5.4645,6.5027
5.9885,5.4663,6.505
5.9899,5.4684,6.5024
5.9911,5.4677,6.5035
5.9923,5.4708,6.503
5.9934,5.4764,6.5014
5.9944,5.4788,6.5
5.9953,5.4825,6.4984
5.9961,5.487,6.4976
5.9969,5.4873,6.4976
5.9976,5.4917,6.4987
5.9982,5.4942,6.4993
5.9988,5.4975,6.4962
5.9993,5.5026,6.4934
5.9997,5.5049,6.4889
6.0001,5.5069,6.4841
6.0004,5.5094,6.4837
6.0007,5.5135,6.4794
6.0009,5.5162,6.4793
6.0011,5.5184,6.4758
6.0012,5.5217,6.4729
6.0013,5.5225,6.4713
6.0014,5.5246,6.4667
6.0014,5.5262,6.4608
6.0014,5.5315,6.4585
6.0013,5.5325,6.4561
6.0012,5.5359,6.4537
6.0011,5.5397,6.4511
6.0009,5.541,6.4486
6.0007,5.5459,6.4452
6.0005,5.551,6.4433
6.0003,5.5542,6.4429
6,5.5586,6.441
5.9998,5.5618,6.4392
5.9995,5.5666,6.4367
5.9991,5.57,6.4338
5.9988,5.5722,6.4289
5.9985,5.5761,6.4282
5.9981,5.5801,6.4262
5.9977,5.5846,6.4227
5.9973,5.5857,6.4198
5.9969,5.5874,6.4183
5.9965,5.5902,6.4142
5.996,5.591,6.4108
5.9956,5.5947,6.4063
5.9951,5.5996,6.4042
5.9947,5.6002,6.4026
5.9942,5.6028,6.3982
5.9937,5.6034,6.3937
5.9932,5.6055,6.3892
5.9927,5.6092,6.3845
5.9922,5.612,6.3794
5.9917,5.6154,6.3758
5.9912,5.6185,6.3726
5.9907,5.6212,6.3682
5.9901,5.626,6.3643
5.9896,5.627,6.3612
5.9891,5.6275,6.3574
5.9885,5.629,6.3547
5.988,5.6291,6.3537
5.9874,5.6313,6.3509
5.9869,5.636,6.3472
5.9863,5.6388,6.3457
5.9857,5.639,6.3433
5.9852,5.64,6.3438
5.9846,5.6416,6.342
5.984,5.6416,6.3396
5.9835,5.642,6.3369
5.9829,5.6406,6.3361
5.9823,5.6385,6.3308
5.9817,5.637,6.3292
5.9812,5.6377,6.3312
5.9806,5.6384,6.33
5.98,5.6369,6.3311
5.9794,5.6365,6.3304
5.9788,5.6352,6.3283
5.9782,5.6353,6.3263
5.9777,5.6333,6.3244
5.9771,5.631,6.3227
5.9765,5.6303,6.3233
5.9759,5.63,6.3214
5.9753,5.6281,6.3219
5.9747,5.626,6.3224
5.9741,5.6258,6.3237
5.9735,5.6227,6.3234
5.9729,5.6221,6.3227
5.9723,5.6199,6.3243
5.9717,5.6198,6.3249
5.9711,5.6182,6.3269
5.9705,5.6157,6.3274
5.9699,5.6152,6.3295
5.9693,5.613,6.3296
5.9687,5.611,6.3299
5.9681,5.6085,6.3311
5.9675,5.6058,6.3305
5.9669,5.6002,6.3295
5.9663,5.595,6.332
5.9657,5.5934,6.3319
5.9651,5.5934,6.333
5.9645,5.5908,6.3344
5.9639,5.5859,6.3353
5.9633,5.5831,6.3365
5.9627,5.5775,6.3375
5.9621,5.5722,6.3424
5.9615,5.5692,6.3457
5.9609,5.5656,6.3479
5.9603,5.5644,6.3508
5.9597,5.5568,6.3539
5.9591,5.5518,6.3555
5.9585,5.5475,6.3586
5.9579,5.5442,6.3611
5.9573,5.5416,6.3648
5.9567,5.5377,6.3699
5.9561,5.5346,6.3741
5.9555,5.5301,6.3752
5.955,5.5267,6.3775
5.9544,5.5234,6.3799
5.9538,5.5183,6.3825
5.9532,5.5125,6.384
5.9526,5.5097,6.3849
5.952,5.5053,6.3862
5.9514,5.5038,6.3898
5.9508,5.5015,6.3943
5.9502,5.493,6.3983
5.9496,5.4867,6.4008
5.9491,5.481,6.4012
5.9485,5.4742,6.4015
5.9479,5.4686,6.4063
5.9473,5.4652,6.4123
5.9467,5.4598,6.4169
5.9462,5.4558,6.4222
5.9456,5.4495,6.4275
5.945,5.4462,6.4313
5.9445,5.4394,6.4344
5.9439,5.4349,6.4404
5.9434,5.4323,6.444
5.9428,5.4272,6.4481
5.9423,5.4247,6.4541
5.9417,5.4194,6.4593
5.9412,5.4122,6.4647
5.9407,5.4024,6.4689
5.9402,5.3913,6.4754
5.9397,5.3873,6.48
5.9391,5.3767,6.4848
5.9387,5.3708,6.4898
5.9382,5.3625,6.4949
5.9377,5.3546,6.5025
5.9372,5.3485,6.5094
5.9368,5.3411,6.5159
5.9363,5.3424,6.5217
5.9359,5.3318,6.5244
5.9355,5.3234,6.5303
5.9351,5.3192,6.5392
5.9347,5.3133,6.5459
5.9344,5.3053,6.5508
5.934,5.2983,6.5553
5.9337,5.2939,6.5598
5.9334,5.2858,6.5635
5.9332,5.2827,6.5707
5.9329,5.2755,6.5799
5.9327,5.2667,6.5857
5.9325,5.2572,6.5972
5.9324,5.2504,6.6019
